[{"@type":"mappingTemplate","id":"@1","name":"VCS_Asset_Mapping_SQL_FF_1_renamed","description":"Pod Certification Task: Mapping has a src and a target. ","bundleVersion":"0","templateId":"@3","deployTime":1715963174000,"hasParameters":false,"valid":true,"fixedConnection":true,"hasParametersDeployed":false,"fixedConnectionDeployed":true,"isSchemaValidationEnabled":false,"tasks":1,"mappingPreviewFileRecordId":"@2","references":[{"@type":"reference","refObjectId":"@czEY0KQVSeWhY8aR3UhyMj","refType":"connection"},{"@type":"reference","refObjectId":"@7n2lJTDx6gFjXAoeqwSFKl","refType":"connection"}]}]